<?xml version="1.0" encoding="UTF-8"?>
<soapenv:Envelope xmlns:soapenv="http://schemas.xmlsoap.org/soap/envelope/" 
                  xmlns:sur="http://soap.example.com/survey">
   <soapenv:Header/>
   <soapenv:Body>
      <sur:addQuestionRequest>
         <sur:question>
            <sur:surveyId>1</sur:surveyId>
            <sur:text>¿Cuál es tu color favorito?</sur:text>
            <sur:type>MULTIPLE_CHOICE</sur:type>
            <sur:isRequired>true</sur:isRequired>
            <sur:options>Rojo</sur:options>
            <sur:options>Azul</sur:options>
            <sur:options>Verde</sur:options>
            <sur:options>Amarillo</sur:options>
         </sur:question>
      </sur:addQuestionRequest>
   </soapenv:Body>
</soapenv:Envelope>