<?xml version="1.0" encoding="UTF-8"?>
<soapenv:Envelope xmlns:soapenv="http://schemas.xmlsoap.org/soap/envelope/" 
                  xmlns:sur="http://soap.example.com/survey">
   <soapenv:Header/>
   <soapenv:Body>
      <sur:addQuestionRequest>
         <sur:question>
            <sur:surveyId>1</sur:surveyId>
            <sur:text>¿Qué opinas sobre el servicio de atención al cliente?</sur:text>
            <sur:type>TEXT</sur:type>
            <sur:isRequired>true</sur:isRequired>
         </sur:question>
      </sur:addQuestionRequest>
   </soapenv:Body>
</soapenv:Envelope>