<?xml version="1.0" encoding="UTF-8"?>
<soapenv:Envelope xmlns:soapenv="http://schemas.xmlsoap.org/soap/envelope/" 
                  xmlns:sur="http://soap.example.com/survey">
   <soapenv:Header/>
   <soapenv:Body>
      <sur:addAnswerRequest>
         <sur:answer>
            <sur:questionId>1</sur:questionId>
            <sur:userId>100</sur:userId>
            <sur:selectedOption>Azul</sur:selectedOption>
         </sur:answer>
      </sur:addAnswerRequest>
   </soapenv:Body>
</soapenv:Envelope>